Barcode name,ID plasmid sequence
rbc101,ACTCCTTGTGTT
rbc102,GTCACGGACAT
rbc103,GCGAGCGAAGTA
rbc104,ATCTACCGAAGC
rbc105,ACTTGGTGTAAG
rbc106,TCTTGGAGGTCA
rbc107,TCACCTCCTTGT
rbc108,GCACACCTGATA
rbc109,GCGACAATTACA
rbc110,TCATGCTCCATT
rbc111,AGCTGTCAAGCT
rbc112,GAGAGCAACAGA
rbc201,CGACTCTAAACG
rbc202,GTCTTCAGCAAG
rbc203,CGGATAACCTCC
rbc204,AGGGTGACTTTA
rbc205,GACTTCATGCGA
rbc206,GCCTGTCTGCAA
rbc207,ACTGATGGCCTC
rbc208,TTCGATGCCGCA
rbc209,TGTGGCTCGTGT
rbc210,AACTTTCAGGAG
rbc211,TGCACGTGATAA
rbc212,GTTCGGTGTCCA
rbc213,AAGACAGCTATC
rbc214,ATTGACCGGTCA
rbc215,TTCTCCATCACA
rbc216,CGTAGGTAGAGG
rbc217,ATTTAGGACGAC
rbc218,GGATAGCCAAGG
rbc219,TGGTTGGTTACG
rbc220,GTCGTCCAAATG
rbc221,CAACGTGCTCCA
rbc222,TACACAAGTCGC
rbc223,GCGTCCATGAAT
rbc224,GTAATGCGTAAC
rbc225,GTCGCCGTACAT
rbc226,GGAATCCGATTA
rbc227,CACCCGATGGTT
rbc228,TTCTGAGAGGTA
rbc229,ATCCCTACGGAA
rbc230,GGTTCCATTAGG
rbc231,GTGTTCCCAGAA
rbc232,CCGAGGTATAAT
rbc233,AGCGTAATTAGC
rbc234,CTCGTGAATGAC
rbc235,AGGTGAGTTCTA
rbc236,CCTGTCCTATCT
rbc237,GGTTTAACACGC
rbc238,AGACAGTAGGAG
rbc239,GCCACGACTTAC
rbc240,ATTGTTCCTACC
rbc241,GCCGTAAACTTG
rbc242,GCAGATTTCCAG
rbc243,AGATGATCAGTC
rbc244,GAGACGTGTTCT
rbc245,TATCACCGGCAC
rbc246,TATGCCAGAGAT
rbc247,AGGTCCAAATCA
rbc248,ACCGTGCTCACA
rbc249,CTCCCTTTGTGT
rbc250,AGCTGCACCTAA
rbc251,CCTTGACCGATG
rbc252,CTATCATCCTCA
rbc253,ACTCTAGCCGGT
rbc254,CGATAGGCCTTA
rbc255,AATGACCTCGTG
rbc256,CTTAGGCATGTG
rbc257,CCAGATATAGCA
rbc258,GAGAGTCCACTT
rbc259,GAACGGGACGTA
rbc260,ACGTGTAGGCTT
rbc261,GGTCTCCTACAG
rbc262,ACTGACTTAAGG
rbc263,GATGCTGCCGTT
rbc264,TTCCTAGGCCAG
rbc265,ATTAAGCCTGGA
rbc266,TGGCTTTCTATC
rbc267,ACAGCTCAAACA
rbc268,GAGCGTATCCAT
rbc269,ATGGGCGAATGG
rbc270,GATCTCTGGGTA
rbc271,CATCATACGGGT
rbc272,TACGGATTATGG
rbc273,ATAGCGAACTCA
rbc274,TAACGCTGTGTG
rbc275,AACCAAACTCGA
rbc276,GCCGTCTCGTAA
rbc277,CTGGGTATCTCG
rbc278,GACTACCCGTTG
rbc279,GCGTTGCAAACT
rbc280,AACCGCATAAGT
rbc281,ACCTTACACCTT
rbc282,GTAGGTGCTTAC
rbc283,CGCATTTGGATG
rbc284,ATAACATGTGCG
rbc285,CTTGAGAAATCG
rbc286,CTACACAGCACA
rbc287,GAAATGCTACGT
rbc288,TCTGAGGTTGCC
rbc289,GATCATTCTCTC
rbc290,AGACATACCGTA
rbc291,GATCCTCATGCG
rbc292,ATTATCGTCCCT
rbc293,CCAGACCGCTAT
rbc294,AGCTCTAGAAAC
rbc295,TCCATCGACGTG
rbc296,CGATGTGTGGTT
